Capitalizacion_de_Mercado;Valor_Contable_Por_Accion;Depositos_Totales;Prestamos_Totales;Activos_Totales;Ingreso_Neto_Ajustado;Crecimiento_BPA_Interanual;Beneficio_Antes_Provisiones_Ajustado;Porcentaje_Margen;Ingreso_Operacional_Ajustado;% Margen.1;Beneficio_Neto_Ajustado;% Margen.2;BPA_Ajustado;% Crecimiento (YoY).1;Porcentaje_Capital_Comun_Nivel_1;Ratio_Capital_Nivel_1;Porcentaje_Ratio_Capital;Valorizacion
-1.0;-1.0;-1.0;-1.0;-1.0;-1.0;1.0;-1.0;-1.0;-1.0;24.3;-1.0;12.0;-1.0;;0.45192307692307665;0.5664893617021272;0.673202614379085;18799.6
-0.23749895013323774;-0.4913989153886519;-0.5193698592530804;-0.39393762325615367;-0.462075450751961;-0.5289552238805969;0.6904176904176906;-0.49506278190905784;-0.012658227848100556;-0.6585092471511301;26.7;-0.5189580318379161;15.9;-0.4285714285714285;;1.0;1.0;1.0;32027.9
-0.3919986154484394;-0.2060178436060408;-0.2905637267841492;-0.21557227375648225;-0.18975008652609204;-0.16298507462686584;0.6953316953316953;-0.1646958429842742;0.1392405063291131;-0.2904913132822716;29.8;-0.06685962373371934;19.0;-0.14285714285714302;3800.0;-1.0;-1.0;-1.0;32288.3
-0.1213849587815945;0.3970493906350223;0.6753212471887571;0.5892776276385947;0.8296513488274904;0.2354228855721392;-0.10565110565110558;0.16591490917956864;0.08860759493671089;0.34728189800112075;36.0;0.2683068017366135;20.1;0.14285714285714302;;-0.27564102564102577;-0.32446808510638336;-0.42701525054466216;34950.1
0.7611699460686625;0.8592337745641148;0.7943806818781747;1.0;0.874200858077619;0.7844776119402981;0.07125307125307101;0.7725222479580642;0.7974683544303807;0.3865122361292732;31.7;0.37192474674384957;18.3;0.4285714285714286;163.6;-0.15705128205128238;-0.2500000000000001;-0.3769063180827884;52443.8
1.0;1.0;1.0;0.8050398071725953;1.0;1.0;-1.0;1.0;1.0;1.0;37.7;1.0;22.3;1.0;115.1;0.11858974358974361;0.18617021276595702;0.04357298474945548;54967.1
